variant,mrr,recall@1,recall@5,recall@10,delta_mrr_vs_raw,count
raw,0.6608333333333334,0.55,0.8125,0.825,0.0,80
praline_full,0.6677083333333335,0.5375,0.8375,0.8375,0.006875000000000001,80
praline_light,0.6375,0.5,0.825,0.825,-0.023333333333333334,80
